{
  "cumulative_return": 0.03625435792137366,
  "sharpe": 1.8796062749451088,
  "max_drawdown": 0.03508687105259434
}