{
  "cumulative_return": 0.03974873138036861,
  "sharpe": 1.4425399826104583,
  "max_drawdown": 0.027219193396090104
}