{
  "cumulative_return": 0.0826865014454976,
  "sharpe": 2.558003934046914,
  "max_drawdown": 0.028720617381837822
}