{
  "cumulative_return": 0.06466646312829116,
  "sharpe": 2.4026932710821254,
  "max_drawdown": 0.039891252809825674
}